subject,num_trials,num_channels,avg_accuracy,std_accuracy,avg_precision,std_precision,avg_recall,std_recall,avg_f1_score,std_f1_score,avg_auc_roc,std_auc_roc,avg_specificity,std_specificity,channel_names,fold_models,adjacency_matrix
S001,252,64,0.8095238095238096,0.016835875742536838,0.7642051444233607,0.06273031476975681,0.6428571428571429,0.10514001031342675,0.6882852865903714,0.04734690731048729,0.7974064625850342,0.045145173670844876,0.8928571428571428,0.052570005156713374,"['Fc5', 'Fc3', 'Fc1', 'Fcz', 'Fc2', 'Fc4', 'Fc6', 'C5', 'C3', 'C1', 'Cz', 'C2', 'C4', 'C6', 'Cp5', 'Cp3', 'Cp1', 'Cpz', 'Cp2', 'Cp4', 'Cp6', 'Fp1', 'Fpz', 'Fp2', 'Af7', 'Af3', 'Afz', 'Af4', 'Af8', 'F7', 'F5', 'F3', 'F1', 'Fz', 'F2', 'F4', 'F6', 'F8', 'Ft7', 'Ft8', 'T7', 'T8', 'T9', 'T10', 'Tp7', 'Tp8', 'P7', 'P5', 'P3', 'P1', 'Pz', 'P2', 'P4', 'P6', 'P8', 'Po7', 'Po3', 'Poz', 'Po4', 'Po8', 'O1', 'Oz', 'O2', 'Iz']","[GCARM(
  (carm1): CARMBlock()
  (carm2): CARMBlock()
  (conv1): Conv1d(64, 128, kernel_size=(5,), stride=(1,), padding=(2,))
  (bn1): BatchNorm1d(128, eps=1e-05, momentum=0.1, affine=True, track_running_stats=True)
  (pool1): MaxPool1d(kernel_size=2, stride=2, padding=0, dilation=1, ceil_mode=False)
  (conv2): Conv1d(128, 256, kernel_size=(5,), stride=(1,), padding=(2,))
  (bn2): BatchNorm1d(256, eps=1e-05, momentum=0.1, affine=True, track_running_stats=True)
  (pool2): MaxPool1d(kernel_size=2, stride=2, padding=0, dilation=1, ceil_mode=False)
  (conv3): Conv1d(256, 512, kernel_size=(3,), stride=(1,), padding=(1,))
  (bn3): BatchNorm1d(512, eps=1e-05, momentum=0.1, affine=True, track_running_stats=True)
  (pool3): MaxPool1d(kernel_size=2, stride=2, padding=0, dilation=1, ceil_mode=False)
  (dropout): Dropout(p=0.5, inplace=False)
  (fc1): Linear(in_features=49152, out_features=256, bias=True)
  (fc2): Linear(in_features=256, out_features=2, bias=True)
), GCARM(
  (carm1): CARMBlock()
  (carm2): CARMBlock()
  (conv1): Conv1d(64, 128, kernel_size=(5,), stride=(1,), padding=(2,))
  (bn1): BatchNorm1d(128, eps=1e-05, momentum=0.1, affine=True, track_running_stats=True)
  (pool1): MaxPool1d(kernel_size=2, stride=2, padding=0, dilation=1, ceil_mode=False)
  (conv2): Conv1d(128, 256, kernel_size=(5,), stride=(1,), padding=(2,))
  (bn2): BatchNorm1d(256, eps=1e-05, momentum=0.1, affine=True, track_running_stats=True)
  (pool2): MaxPool1d(kernel_size=2, stride=2, padding=0, dilation=1, ceil_mode=False)
  (conv3): Conv1d(256, 512, kernel_size=(3,), stride=(1,), padding=(1,))
  (bn3): BatchNorm1d(512, eps=1e-05, momentum=0.1, affine=True, track_running_stats=True)
  (pool3): MaxPool1d(kernel_size=2, stride=2, padding=0, dilation=1, ceil_mode=False)
  (dropout): Dropout(p=0.5, inplace=False)
  (fc1): Linear(in_features=49152, out_features=256, bias=True)
  (fc2): Linear(in_features=256, out_features=2, bias=True)
), GCARM(
  (carm1): CARMBlock()
  (carm2): CARMBlock()
  (conv1): Conv1d(64, 128, kernel_size=(5,), stride=(1,), padding=(2,))
  (bn1): BatchNorm1d(128, eps=1e-05, momentum=0.1, affine=True, track_running_stats=True)
  (pool1): MaxPool1d(kernel_size=2, stride=2, padding=0, dilation=1, ceil_mode=False)
  (conv2): Conv1d(128, 256, kernel_size=(5,), stride=(1,), padding=(2,))
  (bn2): BatchNorm1d(256, eps=1e-05, momentum=0.1, affine=True, track_running_stats=True)
  (pool2): MaxPool1d(kernel_size=2, stride=2, padding=0, dilation=1, ceil_mode=False)
  (conv3): Conv1d(256, 512, kernel_size=(3,), stride=(1,), padding=(1,))
  (bn3): BatchNorm1d(512, eps=1e-05, momentum=0.1, affine=True, track_running_stats=True)
  (pool3): MaxPool1d(kernel_size=2, stride=2, padding=0, dilation=1, ceil_mode=False)
  (dropout): Dropout(p=0.5, inplace=False)
  (fc1): Linear(in_features=49152, out_features=256, bias=True)
  (fc2): Linear(in_features=256, out_features=2, bias=True)
)]","[[0.49993086 0.49984404 0.49888542 ... 0.50155747 0.49950466 0.4991039 ]
 [0.5004259  0.4998614  0.5003084  ... 0.50245047 0.49964222 0.50002986]
 [0.4996252  0.49969578 0.5010688  ... 0.49935195 0.49883017 0.4990407 ]
 ...
 [0.49991274 0.50022787 0.49974522 ... 0.5003205  0.49809766 0.49993625]
 [0.50012374 0.5011181  0.49960387 ... 0.49918044 0.49768052 0.4999527 ]
 [0.5000889  0.49921146 0.49774298 ... 0.49953306 0.49849057 0.5004044 ]]"
S002,252,64,0.6746031746031745,0.024461960329241934,0.7481481481481481,0.22974907287808627,0.15476190476190474,0.10240863413145983,0.2197386155407145,0.11496893083434162,0.6250000000000001,0.04665938831552146,0.9345238095238094,0.08030200930495264,"['Fc5', 'Fc3', 'Fc1', 'Fcz', 'Fc2', 'Fc4', 'Fc6', 'C5', 'C3', 'C1', 'Cz', 'C2', 'C4', 'C6', 'Cp5', 'Cp3', 'Cp1', 'Cpz', 'Cp2', 'Cp4', 'Cp6', 'Fp1', 'Fpz', 'Fp2', 'Af7', 'Af3', 'Afz', 'Af4', 'Af8', 'F7', 'F5', 'F3', 'F1', 'Fz', 'F2', 'F4', 'F6', 'F8', 'Ft7', 'Ft8', 'T7', 'T8', 'T9', 'T10', 'Tp7', 'Tp8', 'P7', 'P5', 'P3', 'P1', 'Pz', 'P2', 'P4', 'P6', 'P8', 'Po7', 'Po3', 'Poz', 'Po4', 'Po8', 'O1', 'Oz', 'O2', 'Iz']","[GCARM(
  (carm1): CARMBlock()
  (carm2): CARMBlock()
  (conv1): Conv1d(64, 128, kernel_size=(5,), stride=(1,), padding=(2,))
  (bn1): BatchNorm1d(128, eps=1e-05, momentum=0.1, affine=True, track_running_stats=True)
  (pool1): MaxPool1d(kernel_size=2, stride=2, padding=0, dilation=1, ceil_mode=False)
  (conv2): Conv1d(128, 256, kernel_size=(5,), stride=(1,), padding=(2,))
  (bn2): BatchNorm1d(256, eps=1e-05, momentum=0.1, affine=True, track_running_stats=True)
  (pool2): MaxPool1d(kernel_size=2, stride=2, padding=0, dilation=1, ceil_mode=False)
  (conv3): Conv1d(256, 512, kernel_size=(3,), stride=(1,), padding=(1,))
  (bn3): BatchNorm1d(512, eps=1e-05, momentum=0.1, affine=True, track_running_stats=True)
  (pool3): MaxPool1d(kernel_size=2, stride=2, padding=0, dilation=1, ceil_mode=False)
  (dropout): Dropout(p=0.5, inplace=False)
  (fc1): Linear(in_features=49152, out_features=256, bias=True)
  (fc2): Linear(in_features=256, out_features=2, bias=True)
), GCARM(
  (carm1): CARMBlock()
  (carm2): CARMBlock()
  (conv1): Conv1d(64, 128, kernel_size=(5,), stride=(1,), padding=(2,))
  (bn1): BatchNorm1d(128, eps=1e-05, momentum=0.1, affine=True, track_running_stats=True)
  (pool1): MaxPool1d(kernel_size=2, stride=2, padding=0, dilation=1, ceil_mode=False)
  (conv2): Conv1d(128, 256, kernel_size=(5,), stride=(1,), padding=(2,))
  (bn2): BatchNorm1d(256, eps=1e-05, momentum=0.1, affine=True, track_running_stats=True)
  (pool2): MaxPool1d(kernel_size=2, stride=2, padding=0, dilation=1, ceil_mode=False)
  (conv3): Conv1d(256, 512, kernel_size=(3,), stride=(1,), padding=(1,))
  (bn3): BatchNorm1d(512, eps=1e-05, momentum=0.1, affine=True, track_running_stats=True)
  (pool3): MaxPool1d(kernel_size=2, stride=2, padding=0, dilation=1, ceil_mode=False)
  (dropout): Dropout(p=0.5, inplace=False)
  (fc1): Linear(in_features=49152, out_features=256, bias=True)
  (fc2): Linear(in_features=256, out_features=2, bias=True)
), GCARM(
  (carm1): CARMBlock()
  (carm2): CARMBlock()
  (conv1): Conv1d(64, 128, kernel_size=(5,), stride=(1,), padding=(2,))
  (bn1): BatchNorm1d(128, eps=1e-05, momentum=0.1, affine=True, track_running_stats=True)
  (pool1): MaxPool1d(kernel_size=2, stride=2, padding=0, dilation=1, ceil_mode=False)
  (conv2): Conv1d(128, 256, kernel_size=(5,), stride=(1,), padding=(2,))
  (bn2): BatchNorm1d(256, eps=1e-05, momentum=0.1, affine=True, track_running_stats=True)
  (pool2): MaxPool1d(kernel_size=2, stride=2, padding=0, dilation=1, ceil_mode=False)
  (conv3): Conv1d(256, 512, kernel_size=(3,), stride=(1,), padding=(1,))
  (bn3): BatchNorm1d(512, eps=1e-05, momentum=0.1, affine=True, track_running_stats=True)
  (pool3): MaxPool1d(kernel_size=2, stride=2, padding=0, dilation=1, ceil_mode=False)
  (dropout): Dropout(p=0.5, inplace=False)
  (fc1): Linear(in_features=49152, out_features=256, bias=True)
  (fc2): Linear(in_features=256, out_features=2, bias=True)
)]","[[0.5012927  0.49992266 0.49837682 ... 0.50175935 0.50138867 0.50094086]
 [0.5020427  0.5009485  0.5003676  ... 0.50125223 0.50018686 0.49953505]
 [0.5000606  0.5036109  0.50000435 ... 0.50217724 0.5006843  0.49982297]
 ...
 [0.50100726 0.4989251  0.49943843 ... 0.5013857  0.49964818 0.50094396]
 [0.5000935  0.5010306  0.5018316  ... 0.5009759  0.5020504  0.50282395]
 [0.4997046  0.50149363 0.50205034 ... 0.5011162  0.49966264 0.5009381 ]]"
S005,252,64,0.7857142857142857,0.025717224993681977,0.6985865175520347,0.05543709983382844,0.6666666666666666,0.1708654773143729,0.6633296528033369,0.08419553976299156,0.795280612244898,0.023697272442778472,0.8452380952380952,0.07338588098772592,"['Fc5', 'Fc3', 'Fc1', 'Fcz', 'Fc2', 'Fc4', 'Fc6', 'C5', 'C3', 'C1', 'Cz', 'C2', 'C4', 'C6', 'Cp5', 'Cp3', 'Cp1', 'Cpz', 'Cp2', 'Cp4', 'Cp6', 'Fp1', 'Fpz', 'Fp2', 'Af7', 'Af3', 'Afz', 'Af4', 'Af8', 'F7', 'F5', 'F3', 'F1', 'Fz', 'F2', 'F4', 'F6', 'F8', 'Ft7', 'Ft8', 'T7', 'T8', 'T9', 'T10', 'Tp7', 'Tp8', 'P7', 'P5', 'P3', 'P1', 'Pz', 'P2', 'P4', 'P6', 'P8', 'Po7', 'Po3', 'Poz', 'Po4', 'Po8', 'O1', 'Oz', 'O2', 'Iz']","[GCARM(
  (carm1): CARMBlock()
  (carm2): CARMBlock()
  (conv1): Conv1d(64, 128, kernel_size=(5,), stride=(1,), padding=(2,))
  (bn1): BatchNorm1d(128, eps=1e-05, momentum=0.1, affine=True, track_running_stats=True)
  (pool1): MaxPool1d(kernel_size=2, stride=2, padding=0, dilation=1, ceil_mode=False)
  (conv2): Conv1d(128, 256, kernel_size=(5,), stride=(1,), padding=(2,))
  (bn2): BatchNorm1d(256, eps=1e-05, momentum=0.1, affine=True, track_running_stats=True)
  (pool2): MaxPool1d(kernel_size=2, stride=2, padding=0, dilation=1, ceil_mode=False)
  (conv3): Conv1d(256, 512, kernel_size=(3,), stride=(1,), padding=(1,))
  (bn3): BatchNorm1d(512, eps=1e-05, momentum=0.1, affine=True, track_running_stats=True)
  (pool3): MaxPool1d(kernel_size=2, stride=2, padding=0, dilation=1, ceil_mode=False)
  (dropout): Dropout(p=0.5, inplace=False)
  (fc1): Linear(in_features=49152, out_features=256, bias=True)
  (fc2): Linear(in_features=256, out_features=2, bias=True)
), GCARM(
  (carm1): CARMBlock()
  (carm2): CARMBlock()
  (conv1): Conv1d(64, 128, kernel_size=(5,), stride=(1,), padding=(2,))
  (bn1): BatchNorm1d(128, eps=1e-05, momentum=0.1, affine=True, track_running_stats=True)
  (pool1): MaxPool1d(kernel_size=2, stride=2, padding=0, dilation=1, ceil_mode=False)
  (conv2): Conv1d(128, 256, kernel_size=(5,), stride=(1,), padding=(2,))
  (bn2): BatchNorm1d(256, eps=1e-05, momentum=0.1, affine=True, track_running_stats=True)
  (pool2): MaxPool1d(kernel_size=2, stride=2, padding=0, dilation=1, ceil_mode=False)
  (conv3): Conv1d(256, 512, kernel_size=(3,), stride=(1,), padding=(1,))
  (bn3): BatchNorm1d(512, eps=1e-05, momentum=0.1, affine=True, track_running_stats=True)
  (pool3): MaxPool1d(kernel_size=2, stride=2, padding=0, dilation=1, ceil_mode=False)
  (dropout): Dropout(p=0.5, inplace=False)
  (fc1): Linear(in_features=49152, out_features=256, bias=True)
  (fc2): Linear(in_features=256, out_features=2, bias=True)
), GCARM(
  (carm1): CARMBlock()
  (carm2): CARMBlock()
  (conv1): Conv1d(64, 128, kernel_size=(5,), stride=(1,), padding=(2,))
  (bn1): BatchNorm1d(128, eps=1e-05, momentum=0.1, affine=True, track_running_stats=True)
  (pool1): MaxPool1d(kernel_size=2, stride=2, padding=0, dilation=1, ceil_mode=False)
  (conv2): Conv1d(128, 256, kernel_size=(5,), stride=(1,), padding=(2,))
  (bn2): BatchNorm1d(256, eps=1e-05, momentum=0.1, affine=True, track_running_stats=True)
  (pool2): MaxPool1d(kernel_size=2, stride=2, padding=0, dilation=1, ceil_mode=False)
  (conv3): Conv1d(256, 512, kernel_size=(3,), stride=(1,), padding=(1,))
  (bn3): BatchNorm1d(512, eps=1e-05, momentum=0.1, affine=True, track_running_stats=True)
  (pool3): MaxPool1d(kernel_size=2, stride=2, padding=0, dilation=1, ceil_mode=False)
  (dropout): Dropout(p=0.5, inplace=False)
  (fc1): Linear(in_features=49152, out_features=256, bias=True)
  (fc2): Linear(in_features=256, out_features=2, bias=True)
)]","[[0.50038826 0.5002287  0.49754643 ... 0.49932948 0.5012645  0.4990562 ]
 [0.50014335 0.49906695 0.4998238  ... 0.50035095 0.5003087  0.49882364]
 [0.5020859  0.49913692 0.498324   ... 0.49976718 0.5011973  0.4993695 ]
 ...
 [0.5001218  0.49867997 0.49943456 ... 0.49825087 0.5008679  0.4997865 ]
 [0.5005867  0.49968466 0.5006954  ... 0.49833998 0.50018686 0.49890456]
 [0.50196785 0.50011045 0.49918938 ... 0.4980686  0.5012159  0.49860415]]"
S006,252,64,0.7301587301587302,0.005611958580845648,0.7528985507246376,0.17553889780297116,0.38095238095238093,0.1438457853999354,0.464572192513369,0.11426680176763353,0.7447916666666666,0.025500015680870684,0.9047619047619048,0.06890379108803704,"['Fc5', 'Fc3', 'Fc1', 'Fcz', 'Fc2', 'Fc4', 'Fc6', 'C5', 'C3', 'C1', 'Cz', 'C2', 'C4', 'C6', 'Cp5', 'Cp3', 'Cp1', 'Cpz', 'Cp2', 'Cp4', 'Cp6', 'Fp1', 'Fpz', 'Fp2', 'Af7', 'Af3', 'Afz', 'Af4', 'Af8', 'F7', 'F5', 'F3', 'F1', 'Fz', 'F2', 'F4', 'F6', 'F8', 'Ft7', 'Ft8', 'T7', 'T8', 'T9', 'T10', 'Tp7', 'Tp8', 'P7', 'P5', 'P3', 'P1', 'Pz', 'P2', 'P4', 'P6', 'P8', 'Po7', 'Po3', 'Poz', 'Po4', 'Po8', 'O1', 'Oz', 'O2', 'Iz']","[GCARM(
  (carm1): CARMBlock()
  (carm2): CARMBlock()
  (conv1): Conv1d(64, 128, kernel_size=(5,), stride=(1,), padding=(2,))
  (bn1): BatchNorm1d(128, eps=1e-05, momentum=0.1, affine=True, track_running_stats=True)
  (pool1): MaxPool1d(kernel_size=2, stride=2, padding=0, dilation=1, ceil_mode=False)
  (conv2): Conv1d(128, 256, kernel_size=(5,), stride=(1,), padding=(2,))
  (bn2): BatchNorm1d(256, eps=1e-05, momentum=0.1, affine=True, track_running_stats=True)
  (pool2): MaxPool1d(kernel_size=2, stride=2, padding=0, dilation=1, ceil_mode=False)
  (conv3): Conv1d(256, 512, kernel_size=(3,), stride=(1,), padding=(1,))
  (bn3): BatchNorm1d(512, eps=1e-05, momentum=0.1, affine=True, track_running_stats=True)
  (pool3): MaxPool1d(kernel_size=2, stride=2, padding=0, dilation=1, ceil_mode=False)
  (dropout): Dropout(p=0.5, inplace=False)
  (fc1): Linear(in_features=49152, out_features=256, bias=True)
  (fc2): Linear(in_features=256, out_features=2, bias=True)
), GCARM(
  (carm1): CARMBlock()
  (carm2): CARMBlock()
  (conv1): Conv1d(64, 128, kernel_size=(5,), stride=(1,), padding=(2,))
  (bn1): BatchNorm1d(128, eps=1e-05, momentum=0.1, affine=True, track_running_stats=True)
  (pool1): MaxPool1d(kernel_size=2, stride=2, padding=0, dilation=1, ceil_mode=False)
  (conv2): Conv1d(128, 256, kernel_size=(5,), stride=(1,), padding=(2,))
  (bn2): BatchNorm1d(256, eps=1e-05, momentum=0.1, affine=True, track_running_stats=True)
  (pool2): MaxPool1d(kernel_size=2, stride=2, padding=0, dilation=1, ceil_mode=False)
  (conv3): Conv1d(256, 512, kernel_size=(3,), stride=(1,), padding=(1,))
  (bn3): BatchNorm1d(512, eps=1e-05, momentum=0.1, affine=True, track_running_stats=True)
  (pool3): MaxPool1d(kernel_size=2, stride=2, padding=0, dilation=1, ceil_mode=False)
  (dropout): Dropout(p=0.5, inplace=False)
  (fc1): Linear(in_features=49152, out_features=256, bias=True)
  (fc2): Linear(in_features=256, out_features=2, bias=True)
), GCARM(
  (carm1): CARMBlock()
  (carm2): CARMBlock()
  (conv1): Conv1d(64, 128, kernel_size=(5,), stride=(1,), padding=(2,))
  (bn1): BatchNorm1d(128, eps=1e-05, momentum=0.1, affine=True, track_running_stats=True)
  (pool1): MaxPool1d(kernel_size=2, stride=2, padding=0, dilation=1, ceil_mode=False)
  (conv2): Conv1d(128, 256, kernel_size=(5,), stride=(1,), padding=(2,))
  (bn2): BatchNorm1d(256, eps=1e-05, momentum=0.1, affine=True, track_running_stats=True)
  (pool2): MaxPool1d(kernel_size=2, stride=2, padding=0, dilation=1, ceil_mode=False)
  (conv3): Conv1d(256, 512, kernel_size=(3,), stride=(1,), padding=(1,))
  (bn3): BatchNorm1d(512, eps=1e-05, momentum=0.1, affine=True, track_running_stats=True)
  (pool3): MaxPool1d(kernel_size=2, stride=2, padding=0, dilation=1, ceil_mode=False)
  (dropout): Dropout(p=0.5, inplace=False)
  (fc1): Linear(in_features=49152, out_features=256, bias=True)
  (fc2): Linear(in_features=256, out_features=2, bias=True)
)]","[[0.5005483  0.49970725 0.50186193 ... 0.5000362  0.5001959  0.49722418]
 [0.5004744  0.4995669  0.5022566  ... 0.49819008 0.5016028  0.4994804 ]
 [0.5000734  0.49866676 0.4997634  ... 0.49832106 0.49993277 0.4988192 ]
 ...
 [0.5019221  0.49995503 0.50029224 ... 0.49825153 0.5019415  0.49861968]
 [0.5010788  0.50053453 0.5002778  ... 0.5000562  0.501771   0.49933347]
 [0.5017065  0.5012817  0.5017219  ... 0.49996138 0.5014128  0.49774805]]"
S007,252,64,0.8571428571428571,0.054119768638832756,0.7925005751092707,0.12290320593846901,0.8333333333333334,0.0890870806374748,0.7999660470248706,0.05416215797762441,0.9072066326530613,0.04082878078487052,0.869047619047619,0.10943319232648947,"['Fc5', 'Fc3', 'Fc1', 'Fcz', 'Fc2', 'Fc4', 'Fc6', 'C5', 'C3', 'C1', 'Cz', 'C2', 'C4', 'C6', 'Cp5', 'Cp3', 'Cp1', 'Cpz', 'Cp2', 'Cp4', 'Cp6', 'Fp1', 'Fpz', 'Fp2', 'Af7', 'Af3', 'Afz', 'Af4', 'Af8', 'F7', 'F5', 'F3', 'F1', 'Fz', 'F2', 'F4', 'F6', 'F8', 'Ft7', 'Ft8', 'T7', 'T8', 'T9', 'T10', 'Tp7', 'Tp8', 'P7', 'P5', 'P3', 'P1', 'Pz', 'P2', 'P4', 'P6', 'P8', 'Po7', 'Po3', 'Poz', 'Po4', 'Po8', 'O1', 'Oz', 'O2', 'Iz']","[GCARM(
  (carm1): CARMBlock()
  (carm2): CARMBlock()
  (conv1): Conv1d(64, 128, kernel_size=(5,), stride=(1,), padding=(2,))
  (bn1): BatchNorm1d(128, eps=1e-05, momentum=0.1, affine=True, track_running_stats=True)
  (pool1): MaxPool1d(kernel_size=2, stride=2, padding=0, dilation=1, ceil_mode=False)
  (conv2): Conv1d(128, 256, kernel_size=(5,), stride=(1,), padding=(2,))
  (bn2): BatchNorm1d(256, eps=1e-05, momentum=0.1, affine=True, track_running_stats=True)
  (pool2): MaxPool1d(kernel_size=2, stride=2, padding=0, dilation=1, ceil_mode=False)
  (conv3): Conv1d(256, 512, kernel_size=(3,), stride=(1,), padding=(1,))
  (bn3): BatchNorm1d(512, eps=1e-05, momentum=0.1, affine=True, track_running_stats=True)
  (pool3): MaxPool1d(kernel_size=2, stride=2, padding=0, dilation=1, ceil_mode=False)
  (dropout): Dropout(p=0.5, inplace=False)
  (fc1): Linear(in_features=49152, out_features=256, bias=True)
  (fc2): Linear(in_features=256, out_features=2, bias=True)
), GCARM(
  (carm1): CARMBlock()
  (carm2): CARMBlock()
  (conv1): Conv1d(64, 128, kernel_size=(5,), stride=(1,), padding=(2,))
  (bn1): BatchNorm1d(128, eps=1e-05, momentum=0.1, affine=True, track_running_stats=True)
  (pool1): MaxPool1d(kernel_size=2, stride=2, padding=0, dilation=1, ceil_mode=False)
  (conv2): Conv1d(128, 256, kernel_size=(5,), stride=(1,), padding=(2,))
  (bn2): BatchNorm1d(256, eps=1e-05, momentum=0.1, affine=True, track_running_stats=True)
  (pool2): MaxPool1d(kernel_size=2, stride=2, padding=0, dilation=1, ceil_mode=False)
  (conv3): Conv1d(256, 512, kernel_size=(3,), stride=(1,), padding=(1,))
  (bn3): BatchNorm1d(512, eps=1e-05, momentum=0.1, affine=True, track_running_stats=True)
  (pool3): MaxPool1d(kernel_size=2, stride=2, padding=0, dilation=1, ceil_mode=False)
  (dropout): Dropout(p=0.5, inplace=False)
  (fc1): Linear(in_features=49152, out_features=256, bias=True)
  (fc2): Linear(in_features=256, out_features=2, bias=True)
), GCARM(
  (carm1): CARMBlock()
  (carm2): CARMBlock()
  (conv1): Conv1d(64, 128, kernel_size=(5,), stride=(1,), padding=(2,))
  (bn1): BatchNorm1d(128, eps=1e-05, momentum=0.1, affine=True, track_running_stats=True)
  (pool1): MaxPool1d(kernel_size=2, stride=2, padding=0, dilation=1, ceil_mode=False)
  (conv2): Conv1d(128, 256, kernel_size=(5,), stride=(1,), padding=(2,))
  (bn2): BatchNorm1d(256, eps=1e-05, momentum=0.1, affine=True, track_running_stats=True)
  (pool2): MaxPool1d(kernel_size=2, stride=2, padding=0, dilation=1, ceil_mode=False)
  (conv3): Conv1d(256, 512, kernel_size=(3,), stride=(1,), padding=(1,))
  (bn3): BatchNorm1d(512, eps=1e-05, momentum=0.1, affine=True, track_running_stats=True)
  (pool3): MaxPool1d(kernel_size=2, stride=2, padding=0, dilation=1, ceil_mode=False)
  (dropout): Dropout(p=0.5, inplace=False)
  (fc1): Linear(in_features=49152, out_features=256, bias=True)
  (fc2): Linear(in_features=256, out_features=2, bias=True)
)]","[[0.5001572  0.50049716 0.5029328  ... 0.5004838  0.49776897 0.5020532 ]
 [0.50091076 0.4987855  0.49841312 ... 0.49965677 0.49818453 0.5006628 ]
 [0.50197333 0.49793318 0.5019798  ... 0.49892733 0.4980086  0.4999825 ]
 ...
 [0.5003865  0.4995278  0.49937895 ... 0.50142974 0.49889025 0.5004917 ]
 [0.49899068 0.50086683 0.5005494  ... 0.5001315  0.4976643  0.49949765]
 [0.49906397 0.49891567 0.49944127 ... 0.49988052 0.4990193  0.49980903]]"
S008,252,64,0.873015873015873,0.036800073394824245,0.8461332012056649,0.0754220001910012,0.7619047619047619,0.044543540318737376,0.8008846636297617,0.053320277779950034,0.9086947278911565,0.03217592297812444,0.9285714285714285,0.03857583749052298,"['Fc5', 'Fc3', 'Fc1', 'Fcz', 'Fc2', 'Fc4', 'Fc6', 'C5', 'C3', 'C1', 'Cz', 'C2', 'C4', 'C6', 'Cp5', 'Cp3', 'Cp1', 'Cpz', 'Cp2', 'Cp4', 'Cp6', 'Fp1', 'Fpz', 'Fp2', 'Af7', 'Af3', 'Afz', 'Af4', 'Af8', 'F7', 'F5', 'F3', 'F1', 'Fz', 'F2', 'F4', 'F6', 'F8', 'Ft7', 'Ft8', 'T7', 'T8', 'T9', 'T10', 'Tp7', 'Tp8', 'P7', 'P5', 'P3', 'P1', 'Pz', 'P2', 'P4', 'P6', 'P8', 'Po7', 'Po3', 'Poz', 'Po4', 'Po8', 'O1', 'Oz', 'O2', 'Iz']","[GCARM(
  (carm1): CARMBlock()
  (carm2): CARMBlock()
  (conv1): Conv1d(64, 128, kernel_size=(5,), stride=(1,), padding=(2,))
  (bn1): BatchNorm1d(128, eps=1e-05, momentum=0.1, affine=True, track_running_stats=True)
  (pool1): MaxPool1d(kernel_size=2, stride=2, padding=0, dilation=1, ceil_mode=False)
  (conv2): Conv1d(128, 256, kernel_size=(5,), stride=(1,), padding=(2,))
  (bn2): BatchNorm1d(256, eps=1e-05, momentum=0.1, affine=True, track_running_stats=True)
  (pool2): MaxPool1d(kernel_size=2, stride=2, padding=0, dilation=1, ceil_mode=False)
  (conv3): Conv1d(256, 512, kernel_size=(3,), stride=(1,), padding=(1,))
  (bn3): BatchNorm1d(512, eps=1e-05, momentum=0.1, affine=True, track_running_stats=True)
  (pool3): MaxPool1d(kernel_size=2, stride=2, padding=0, dilation=1, ceil_mode=False)
  (dropout): Dropout(p=0.5, inplace=False)
  (fc1): Linear(in_features=49152, out_features=256, bias=True)
  (fc2): Linear(in_features=256, out_features=2, bias=True)
), GCARM(
  (carm1): CARMBlock()
  (carm2): CARMBlock()
  (conv1): Conv1d(64, 128, kernel_size=(5,), stride=(1,), padding=(2,))
  (bn1): BatchNorm1d(128, eps=1e-05, momentum=0.1, affine=True, track_running_stats=True)
  (pool1): MaxPool1d(kernel_size=2, stride=2, padding=0, dilation=1, ceil_mode=False)
  (conv2): Conv1d(128, 256, kernel_size=(5,), stride=(1,), padding=(2,))
  (bn2): BatchNorm1d(256, eps=1e-05, momentum=0.1, affine=True, track_running_stats=True)
  (pool2): MaxPool1d(kernel_size=2, stride=2, padding=0, dilation=1, ceil_mode=False)
  (conv3): Conv1d(256, 512, kernel_size=(3,), stride=(1,), padding=(1,))
  (bn3): BatchNorm1d(512, eps=1e-05, momentum=0.1, affine=True, track_running_stats=True)
  (pool3): MaxPool1d(kernel_size=2, stride=2, padding=0, dilation=1, ceil_mode=False)
  (dropout): Dropout(p=0.5, inplace=False)
  (fc1): Linear(in_features=49152, out_features=256, bias=True)
  (fc2): Linear(in_features=256, out_features=2, bias=True)
), GCARM(
  (carm1): CARMBlock()
  (carm2): CARMBlock()
  (conv1): Conv1d(64, 128, kernel_size=(5,), stride=(1,), padding=(2,))
  (bn1): BatchNorm1d(128, eps=1e-05, momentum=0.1, affine=True, track_running_stats=True)
  (pool1): MaxPool1d(kernel_size=2, stride=2, padding=0, dilation=1, ceil_mode=False)
  (conv2): Conv1d(128, 256, kernel_size=(5,), stride=(1,), padding=(2,))
  (bn2): BatchNorm1d(256, eps=1e-05, momentum=0.1, affine=True, track_running_stats=True)
  (pool2): MaxPool1d(kernel_size=2, stride=2, padding=0, dilation=1, ceil_mode=False)
  (conv3): Conv1d(256, 512, kernel_size=(3,), stride=(1,), padding=(1,))
  (bn3): BatchNorm1d(512, eps=1e-05, momentum=0.1, affine=True, track_running_stats=True)
  (pool3): MaxPool1d(kernel_size=2, stride=2, padding=0, dilation=1, ceil_mode=False)
  (dropout): Dropout(p=0.5, inplace=False)
  (fc1): Linear(in_features=49152, out_features=256, bias=True)
  (fc2): Linear(in_features=256, out_features=2, bias=True)
)]","[[0.5019388  0.4990951  0.49975803 ... 0.5005641  0.49972972 0.49964818]
 [0.5019941  0.49935022 0.498921   ... 0.49927235 0.50048524 0.500653  ]
 [0.5015317  0.4989648  0.49759278 ... 0.50193256 0.5009326  0.4995362 ]
 ...
 [0.5001183  0.50050473 0.500775   ... 0.50155115 0.50051326 0.5006609 ]
 [0.503026   0.49885142 0.4987599  ... 0.49912938 0.50105643 0.50162333]
 [0.49933934 0.5007623  0.49858508 ... 0.50436026 0.50058573 0.50150627]]"
S011,252,64,0.7103174603174603,0.024461960329241975,0.5982323232323232,0.04612441309677653,0.38095238095238093,0.08908708063747481,0.4622128259337562,0.0769040502413652,0.6581632653061225,0.03915144583300775,0.875,0.014580296087995147,"['Fc5', 'Fc3', 'Fc1', 'Fcz', 'Fc2', 'Fc4', 'Fc6', 'C5', 'C3', 'C1', 'Cz', 'C2', 'C4', 'C6', 'Cp5', 'Cp3', 'Cp1', 'Cpz', 'Cp2', 'Cp4', 'Cp6', 'Fp1', 'Fpz', 'Fp2', 'Af7', 'Af3', 'Afz', 'Af4', 'Af8', 'F7', 'F5', 'F3', 'F1', 'Fz', 'F2', 'F4', 'F6', 'F8', 'Ft7', 'Ft8', 'T7', 'T8', 'T9', 'T10', 'Tp7', 'Tp8', 'P7', 'P5', 'P3', 'P1', 'Pz', 'P2', 'P4', 'P6', 'P8', 'Po7', 'Po3', 'Poz', 'Po4', 'Po8', 'O1', 'Oz', 'O2', 'Iz']","[GCARM(
  (carm1): CARMBlock()
  (carm2): CARMBlock()
  (conv1): Conv1d(64, 128, kernel_size=(5,), stride=(1,), padding=(2,))
  (bn1): BatchNorm1d(128, eps=1e-05, momentum=0.1, affine=True, track_running_stats=True)
  (pool1): MaxPool1d(kernel_size=2, stride=2, padding=0, dilation=1, ceil_mode=False)
  (conv2): Conv1d(128, 256, kernel_size=(5,), stride=(1,), padding=(2,))
  (bn2): BatchNorm1d(256, eps=1e-05, momentum=0.1, affine=True, track_running_stats=True)
  (pool2): MaxPool1d(kernel_size=2, stride=2, padding=0, dilation=1, ceil_mode=False)
  (conv3): Conv1d(256, 512, kernel_size=(3,), stride=(1,), padding=(1,))
  (bn3): BatchNorm1d(512, eps=1e-05, momentum=0.1, affine=True, track_running_stats=True)
  (pool3): MaxPool1d(kernel_size=2, stride=2, padding=0, dilation=1, ceil_mode=False)
  (dropout): Dropout(p=0.5, inplace=False)
  (fc1): Linear(in_features=49152, out_features=256, bias=True)
  (fc2): Linear(in_features=256, out_features=2, bias=True)
), GCARM(
  (carm1): CARMBlock()
  (carm2): CARMBlock()
  (conv1): Conv1d(64, 128, kernel_size=(5,), stride=(1,), padding=(2,))
  (bn1): BatchNorm1d(128, eps=1e-05, momentum=0.1, affine=True, track_running_stats=True)
  (pool1): MaxPool1d(kernel_size=2, stride=2, padding=0, dilation=1, ceil_mode=False)
  (conv2): Conv1d(128, 256, kernel_size=(5,), stride=(1,), padding=(2,))
  (bn2): BatchNorm1d(256, eps=1e-05, momentum=0.1, affine=True, track_running_stats=True)
  (pool2): MaxPool1d(kernel_size=2, stride=2, padding=0, dilation=1, ceil_mode=False)
  (conv3): Conv1d(256, 512, kernel_size=(3,), stride=(1,), padding=(1,))
  (bn3): BatchNorm1d(512, eps=1e-05, momentum=0.1, affine=True, track_running_stats=True)
  (pool3): MaxPool1d(kernel_size=2, stride=2, padding=0, dilation=1, ceil_mode=False)
  (dropout): Dropout(p=0.5, inplace=False)
  (fc1): Linear(in_features=49152, out_features=256, bias=True)
  (fc2): Linear(in_features=256, out_features=2, bias=True)
), GCARM(
  (carm1): CARMBlock()
  (carm2): CARMBlock()
  (conv1): Conv1d(64, 128, kernel_size=(5,), stride=(1,), padding=(2,))
  (bn1): BatchNorm1d(128, eps=1e-05, momentum=0.1, affine=True, track_running_stats=True)
  (pool1): MaxPool1d(kernel_size=2, stride=2, padding=0, dilation=1, ceil_mode=False)
  (conv2): Conv1d(128, 256, kernel_size=(5,), stride=(1,), padding=(2,))
  (bn2): BatchNorm1d(256, eps=1e-05, momentum=0.1, affine=True, track_running_stats=True)
  (pool2): MaxPool1d(kernel_size=2, stride=2, padding=0, dilation=1, ceil_mode=False)
  (conv3): Conv1d(256, 512, kernel_size=(3,), stride=(1,), padding=(1,))
  (bn3): BatchNorm1d(512, eps=1e-05, momentum=0.1, affine=True, track_running_stats=True)
  (pool3): MaxPool1d(kernel_size=2, stride=2, padding=0, dilation=1, ceil_mode=False)
  (dropout): Dropout(p=0.5, inplace=False)
  (fc1): Linear(in_features=49152, out_features=256, bias=True)
  (fc2): Linear(in_features=256, out_features=2, bias=True)
)]","[[0.49997067 0.4978455  0.5028271  ... 0.50032026 0.50209135 0.4994261 ]
 [0.49817014 0.49932122 0.50274724 ... 0.49822363 0.50121284 0.50038356]
 [0.49821255 0.49693152 0.5013793  ... 0.50033295 0.5016713  0.499936  ]
 ...
 [0.49741718 0.49853933 0.50170505 ... 0.5004296  0.5009204  0.5005699 ]
 [0.49780598 0.4999603  0.5021092  ... 0.50032187 0.5017544  0.50276273]
 [0.49692678 0.49855796 0.49880385 ... 0.49904773 0.5031449  0.5007874 ]]"
S014,252,64,0.7182539682539683,0.014847846772912503,0.7537878787878788,0.17416005958443406,0.32142857142857145,0.16235930591649828,0.4026979472140762,0.15402990870217795,0.711734693877551,0.049260131421753874,0.9166666666666666,0.060702613257056975,"['Fc5', 'Fc3', 'Fc1', 'Fcz', 'Fc2', 'Fc4', 'Fc6', 'C5', 'C3', 'C1', 'Cz', 'C2', 'C4', 'C6', 'Cp5', 'Cp3', 'Cp1', 'Cpz', 'Cp2', 'Cp4', 'Cp6', 'Fp1', 'Fpz', 'Fp2', 'Af7', 'Af3', 'Afz', 'Af4', 'Af8', 'F7', 'F5', 'F3', 'F1', 'Fz', 'F2', 'F4', 'F6', 'F8', 'Ft7', 'Ft8', 'T7', 'T8', 'T9', 'T10', 'Tp7', 'Tp8', 'P7', 'P5', 'P3', 'P1', 'Pz', 'P2', 'P4', 'P6', 'P8', 'Po7', 'Po3', 'Poz', 'Po4', 'Po8', 'O1', 'Oz', 'O2', 'Iz']","[GCARM(
  (carm1): CARMBlock()
  (carm2): CARMBlock()
  (conv1): Conv1d(64, 128, kernel_size=(5,), stride=(1,), padding=(2,))
  (bn1): BatchNorm1d(128, eps=1e-05, momentum=0.1, affine=True, track_running_stats=True)
  (pool1): MaxPool1d(kernel_size=2, stride=2, padding=0, dilation=1, ceil_mode=False)
  (conv2): Conv1d(128, 256, kernel_size=(5,), stride=(1,), padding=(2,))
  (bn2): BatchNorm1d(256, eps=1e-05, momentum=0.1, affine=True, track_running_stats=True)
  (pool2): MaxPool1d(kernel_size=2, stride=2, padding=0, dilation=1, ceil_mode=False)
  (conv3): Conv1d(256, 512, kernel_size=(3,), stride=(1,), padding=(1,))
  (bn3): BatchNorm1d(512, eps=1e-05, momentum=0.1, affine=True, track_running_stats=True)
  (pool3): MaxPool1d(kernel_size=2, stride=2, padding=0, dilation=1, ceil_mode=False)
  (dropout): Dropout(p=0.5, inplace=False)
  (fc1): Linear(in_features=49152, out_features=256, bias=True)
  (fc2): Linear(in_features=256, out_features=2, bias=True)
), GCARM(
  (carm1): CARMBlock()
  (carm2): CARMBlock()
  (conv1): Conv1d(64, 128, kernel_size=(5,), stride=(1,), padding=(2,))
  (bn1): BatchNorm1d(128, eps=1e-05, momentum=0.1, affine=True, track_running_stats=True)
  (pool1): MaxPool1d(kernel_size=2, stride=2, padding=0, dilation=1, ceil_mode=False)
  (conv2): Conv1d(128, 256, kernel_size=(5,), stride=(1,), padding=(2,))
  (bn2): BatchNorm1d(256, eps=1e-05, momentum=0.1, affine=True, track_running_stats=True)
  (pool2): MaxPool1d(kernel_size=2, stride=2, padding=0, dilation=1, ceil_mode=False)
  (conv3): Conv1d(256, 512, kernel_size=(3,), stride=(1,), padding=(1,))
  (bn3): BatchNorm1d(512, eps=1e-05, momentum=0.1, affine=True, track_running_stats=True)
  (pool3): MaxPool1d(kernel_size=2, stride=2, padding=0, dilation=1, ceil_mode=False)
  (dropout): Dropout(p=0.5, inplace=False)
  (fc1): Linear(in_features=49152, out_features=256, bias=True)
  (fc2): Linear(in_features=256, out_features=2, bias=True)
), GCARM(
  (carm1): CARMBlock()
  (carm2): CARMBlock()
  (conv1): Conv1d(64, 128, kernel_size=(5,), stride=(1,), padding=(2,))
  (bn1): BatchNorm1d(128, eps=1e-05, momentum=0.1, affine=True, track_running_stats=True)
  (pool1): MaxPool1d(kernel_size=2, stride=2, padding=0, dilation=1, ceil_mode=False)
  (conv2): Conv1d(128, 256, kernel_size=(5,), stride=(1,), padding=(2,))
  (bn2): BatchNorm1d(256, eps=1e-05, momentum=0.1, affine=True, track_running_stats=True)
  (pool2): MaxPool1d(kernel_size=2, stride=2, padding=0, dilation=1, ceil_mode=False)
  (conv3): Conv1d(256, 512, kernel_size=(3,), stride=(1,), padding=(1,))
  (bn3): BatchNorm1d(512, eps=1e-05, momentum=0.1, affine=True, track_running_stats=True)
  (pool3): MaxPool1d(kernel_size=2, stride=2, padding=0, dilation=1, ceil_mode=False)
  (dropout): Dropout(p=0.5, inplace=False)
  (fc1): Linear(in_features=49152, out_features=256, bias=True)
  (fc2): Linear(in_features=256, out_features=2, bias=True)
)]","[[0.4994698  0.5002461  0.50039536 ... 0.5017598  0.49970722 0.4992651 ]
 [0.498101   0.501129   0.50169486 ... 0.49910137 0.4975958  0.50095016]
 [0.5001797  0.5020947  0.5005385  ... 0.5005826  0.49736488 0.50175196]
 ...
 [0.49915376 0.5004161  0.49884364 ... 0.4993271  0.49967745 0.4999975 ]
 [0.49828053 0.5001046  0.49900755 ... 0.5023995  0.5014878  0.5009449 ]
 [0.49771714 0.5004845  0.49922252 ... 0.5009024  0.5001526  0.5006947 ]]"
S015,252,64,0.8571428571428572,0.029160592175990246,0.7986363960876705,0.020509832305685087,0.7619047619047619,0.08908708063747475,0.7779006339377856,0.05588655284020368,0.8676658163265305,0.013196548815189573,0.9047619047619048,0.008417937871268393,"['Fc5', 'Fc3', 'Fc1', 'Fcz', 'Fc2', 'Fc4', 'Fc6', 'C5', 'C3', 'C1', 'Cz', 'C2', 'C4', 'C6', 'Cp5', 'Cp3', 'Cp1', 'Cpz', 'Cp2', 'Cp4', 'Cp6', 'Fp1', 'Fpz', 'Fp2', 'Af7', 'Af3', 'Afz', 'Af4', 'Af8', 'F7', 'F5', 'F3', 'F1', 'Fz', 'F2', 'F4', 'F6', 'F8', 'Ft7', 'Ft8', 'T7', 'T8', 'T9', 'T10', 'Tp7', 'Tp8', 'P7', 'P5', 'P3', 'P1', 'Pz', 'P2', 'P4', 'P6', 'P8', 'Po7', 'Po3', 'Poz', 'Po4', 'Po8', 'O1', 'Oz', 'O2', 'Iz']","[GCARM(
  (carm1): CARMBlock()
  (carm2): CARMBlock()
  (conv1): Conv1d(64, 128, kernel_size=(5,), stride=(1,), padding=(2,))
  (bn1): BatchNorm1d(128, eps=1e-05, momentum=0.1, affine=True, track_running_stats=True)
  (pool1): MaxPool1d(kernel_size=2, stride=2, padding=0, dilation=1, ceil_mode=False)
  (conv2): Conv1d(128, 256, kernel_size=(5,), stride=(1,), padding=(2,))
  (bn2): BatchNorm1d(256, eps=1e-05, momentum=0.1, affine=True, track_running_stats=True)
  (pool2): MaxPool1d(kernel_size=2, stride=2, padding=0, dilation=1, ceil_mode=False)
  (conv3): Conv1d(256, 512, kernel_size=(3,), stride=(1,), padding=(1,))
  (bn3): BatchNorm1d(512, eps=1e-05, momentum=0.1, affine=True, track_running_stats=True)
  (pool3): MaxPool1d(kernel_size=2, stride=2, padding=0, dilation=1, ceil_mode=False)
  (dropout): Dropout(p=0.5, inplace=False)
  (fc1): Linear(in_features=49152, out_features=256, bias=True)
  (fc2): Linear(in_features=256, out_features=2, bias=True)
), GCARM(
  (carm1): CARMBlock()
  (carm2): CARMBlock()
  (conv1): Conv1d(64, 128, kernel_size=(5,), stride=(1,), padding=(2,))
  (bn1): BatchNorm1d(128, eps=1e-05, momentum=0.1, affine=True, track_running_stats=True)
  (pool1): MaxPool1d(kernel_size=2, stride=2, padding=0, dilation=1, ceil_mode=False)
  (conv2): Conv1d(128, 256, kernel_size=(5,), stride=(1,), padding=(2,))
  (bn2): BatchNorm1d(256, eps=1e-05, momentum=0.1, affine=True, track_running_stats=True)
  (pool2): MaxPool1d(kernel_size=2, stride=2, padding=0, dilation=1, ceil_mode=False)
  (conv3): Conv1d(256, 512, kernel_size=(3,), stride=(1,), padding=(1,))
  (bn3): BatchNorm1d(512, eps=1e-05, momentum=0.1, affine=True, track_running_stats=True)
  (pool3): MaxPool1d(kernel_size=2, stride=2, padding=0, dilation=1, ceil_mode=False)
  (dropout): Dropout(p=0.5, inplace=False)
  (fc1): Linear(in_features=49152, out_features=256, bias=True)
  (fc2): Linear(in_features=256, out_features=2, bias=True)
), GCARM(
  (carm1): CARMBlock()
  (carm2): CARMBlock()
  (conv1): Conv1d(64, 128, kernel_size=(5,), stride=(1,), padding=(2,))
  (bn1): BatchNorm1d(128, eps=1e-05, momentum=0.1, affine=True, track_running_stats=True)
  (pool1): MaxPool1d(kernel_size=2, stride=2, padding=0, dilation=1, ceil_mode=False)
  (conv2): Conv1d(128, 256, kernel_size=(5,), stride=(1,), padding=(2,))
  (bn2): BatchNorm1d(256, eps=1e-05, momentum=0.1, affine=True, track_running_stats=True)
  (pool2): MaxPool1d(kernel_size=2, stride=2, padding=0, dilation=1, ceil_mode=False)
  (conv3): Conv1d(256, 512, kernel_size=(3,), stride=(1,), padding=(1,))
  (bn3): BatchNorm1d(512, eps=1e-05, momentum=0.1, affine=True, track_running_stats=True)
  (pool3): MaxPool1d(kernel_size=2, stride=2, padding=0, dilation=1, ceil_mode=False)
  (dropout): Dropout(p=0.5, inplace=False)
  (fc1): Linear(in_features=49152, out_features=256, bias=True)
  (fc2): Linear(in_features=256, out_features=2, bias=True)
)]","[[0.49935734 0.4989406  0.49965954 ... 0.5000851  0.5006512  0.49912533]
 [0.49958137 0.49869803 0.50035137 ... 0.4996492  0.5007112  0.5000254 ]
 [0.50039345 0.49913538 0.49932423 ... 0.49832752 0.5007057  0.49982214]
 ...
 [0.50008756 0.4983716  0.50092095 ... 0.50124484 0.50020576 0.50046825]
 [0.49959254 0.4983901  0.4994466  ... 0.49910772 0.49966908 0.49963012]
 [0.49997976 0.49889195 0.49927852 ... 0.5012911  0.5000635  0.50031745]]"
S016,252,64,0.7817460317460317,0.031246062992110354,0.7624542124542124,0.1165701638246151,0.5357142857142857,0.1271080744289442,0.6137727448703059,0.07327822551283442,0.7534013605442177,0.04386881603714326,0.9047619047619048,0.05520011009223632,"['Fc5', 'Fc3', 'Fc1', 'Fcz', 'Fc2', 'Fc4', 'Fc6', 'C5', 'C3', 'C1', 'Cz', 'C2', 'C4', 'C6', 'Cp5', 'Cp3', 'Cp1', 'Cpz', 'Cp2', 'Cp4', 'Cp6', 'Fp1', 'Fpz', 'Fp2', 'Af7', 'Af3', 'Afz', 'Af4', 'Af8', 'F7', 'F5', 'F3', 'F1', 'Fz', 'F2', 'F4', 'F6', 'F8', 'Ft7', 'Ft8', 'T7', 'T8', 'T9', 'T10', 'Tp7', 'Tp8', 'P7', 'P5', 'P3', 'P1', 'Pz', 'P2', 'P4', 'P6', 'P8', 'Po7', 'Po3', 'Poz', 'Po4', 'Po8', 'O1', 'Oz', 'O2', 'Iz']","[GCARM(
  (carm1): CARMBlock()
  (carm2): CARMBlock()
  (conv1): Conv1d(64, 128, kernel_size=(5,), stride=(1,), padding=(2,))
  (bn1): BatchNorm1d(128, eps=1e-05, momentum=0.1, affine=True, track_running_stats=True)
  (pool1): MaxPool1d(kernel_size=2, stride=2, padding=0, dilation=1, ceil_mode=False)
  (conv2): Conv1d(128, 256, kernel_size=(5,), stride=(1,), padding=(2,))
  (bn2): BatchNorm1d(256, eps=1e-05, momentum=0.1, affine=True, track_running_stats=True)
  (pool2): MaxPool1d(kernel_size=2, stride=2, padding=0, dilation=1, ceil_mode=False)
  (conv3): Conv1d(256, 512, kernel_size=(3,), stride=(1,), padding=(1,))
  (bn3): BatchNorm1d(512, eps=1e-05, momentum=0.1, affine=True, track_running_stats=True)
  (pool3): MaxPool1d(kernel_size=2, stride=2, padding=0, dilation=1, ceil_mode=False)
  (dropout): Dropout(p=0.5, inplace=False)
  (fc1): Linear(in_features=49152, out_features=256, bias=True)
  (fc2): Linear(in_features=256, out_features=2, bias=True)
), GCARM(
  (carm1): CARMBlock()
  (carm2): CARMBlock()
  (conv1): Conv1d(64, 128, kernel_size=(5,), stride=(1,), padding=(2,))
  (bn1): BatchNorm1d(128, eps=1e-05, momentum=0.1, affine=True, track_running_stats=True)
  (pool1): MaxPool1d(kernel_size=2, stride=2, padding=0, dilation=1, ceil_mode=False)
  (conv2): Conv1d(128, 256, kernel_size=(5,), stride=(1,), padding=(2,))
  (bn2): BatchNorm1d(256, eps=1e-05, momentum=0.1, affine=True, track_running_stats=True)
  (pool2): MaxPool1d(kernel_size=2, stride=2, padding=0, dilation=1, ceil_mode=False)
  (conv3): Conv1d(256, 512, kernel_size=(3,), stride=(1,), padding=(1,))
  (bn3): BatchNorm1d(512, eps=1e-05, momentum=0.1, affine=True, track_running_stats=True)
  (pool3): MaxPool1d(kernel_size=2, stride=2, padding=0, dilation=1, ceil_mode=False)
  (dropout): Dropout(p=0.5, inplace=False)
  (fc1): Linear(in_features=49152, out_features=256, bias=True)
  (fc2): Linear(in_features=256, out_features=2, bias=True)
), GCARM(
  (carm1): CARMBlock()
  (carm2): CARMBlock()
  (conv1): Conv1d(64, 128, kernel_size=(5,), stride=(1,), padding=(2,))
  (bn1): BatchNorm1d(128, eps=1e-05, momentum=0.1, affine=True, track_running_stats=True)
  (pool1): MaxPool1d(kernel_size=2, stride=2, padding=0, dilation=1, ceil_mode=False)
  (conv2): Conv1d(128, 256, kernel_size=(5,), stride=(1,), padding=(2,))
  (bn2): BatchNorm1d(256, eps=1e-05, momentum=0.1, affine=True, track_running_stats=True)
  (pool2): MaxPool1d(kernel_size=2, stride=2, padding=0, dilation=1, ceil_mode=False)
  (conv3): Conv1d(256, 512, kernel_size=(3,), stride=(1,), padding=(1,))
  (bn3): BatchNorm1d(512, eps=1e-05, momentum=0.1, affine=True, track_running_stats=True)
  (pool3): MaxPool1d(kernel_size=2, stride=2, padding=0, dilation=1, ceil_mode=False)
  (dropout): Dropout(p=0.5, inplace=False)
  (fc1): Linear(in_features=49152, out_features=256, bias=True)
  (fc2): Linear(in_features=256, out_features=2, bias=True)
)]","[[0.49955836 0.5001481  0.50038403 ... 0.50093794 0.49902257 0.4994924 ]
 [0.50029445 0.5006349  0.5012915  ... 0.50116456 0.49959055 0.5000051 ]
 [0.49904272 0.5009993  0.49996302 ... 0.4999517  0.4999505  0.50032777]
 ...
 [0.49938738 0.49959683 0.50108504 ... 0.50054187 0.49962115 0.49892417]
 [0.49870333 0.5005848  0.50251245 ... 0.5003013  0.50023574 0.49954906]
 [0.4996103  0.4999671  0.50072545 ... 0.5013858  0.5000288  0.49925932]]"
